Link Name,Center of Mass X,Center of Mass Y,Center of Mass Z,Center of Mass Roll,Center of Mass Pitch,Center of Mass Yaw,Mass,Moment Ixx,Moment Ixy,Moment Ixz,Moment Iyy,Moment Iyz,Moment Izz,Visual X,Visual Y,Visual Z,Visual Roll,Visual Pitch,Visual Yaw,Mesh Filename,Color Red,Color Green,Color Blue,Color Alpha,Collision X,Collision Y,Collision Z,Collision Roll,Collision Pitch,Collision Yaw,Collision Mesh Filename,Material Name,SW Components,Coordinate System,Axis Name,Joint Name,Joint Type,Joint Origin X,Joint Origin Y,Joint Origin Z,Joint Origin Roll,Joint Origin Pitch,Joint Origin Yaw,Parent,Joint Axis X,Joint Axis Y,Joint Axis Z,Limit Effort,Limit Velocity,Limit Lower,Limit Upper,Calibration rising,Calibration falling,Dynamics Damping,Dynamics Friction,Safety Soft Upper,Safety Soft Lower,Safety K Position,Safety K Velocity
base_frame,-0.233987758704522,-6.87526857137319E-06,0.273904585902945,0,0,0,28.7146185702468,3.25842218366115,4.24331659205383E-05,-0.0173916173233299,1.73235005118993,2.32272539674954E-05,3.8137127551846,0,0,0,0,0,0,package://wheelchair_bot/meshes/base_frame.STL,0.898039215686275,0.917647058823529,0.929411764705882,1,0,0,0,0,0,0,package://wheelchair_bot/meshes/base_frame.STL,,FRAME-3,URDF ORIGIN,,,,0,0,0,0,0,0,,0,0,0,,,,,,,,,,,,
legrest,-0.101113744146754,-0.277807728839718,0.0861723854182062,0,0,0,2.24033604473997,0.0360562760316875,-0.00704430415148386,-0.00357913711998372,0.0192661264719731,-0.00983359841828708,0.0308675655106714,0,0,0,0,0,0,package://wheelchair_bot/meshes/legrest.STL,1,1,1,1,0,0,0,0,0,0,package://wheelchair_bot/meshes/legrest.STL,,Legrest-1,legrest c frame,Legrest axis,legrest_joint,continuous,-0.0190499999999997,-0.0881145937711211,0.431749199999999,1.5707963267949,0,3.14159265358979,base_frame,0,0,-1,,,,,,,,,,,,
rear_right_wheel,3.88578058618805E-16,3.44169137633799E-15,0.0288023852338185,0,0,0,6.86953301661555,0.0761155443647404,-5.12717149342125E-18,8.80521031656786E-18,0.0761155443647404,9.32942968018516E-17,0.145876605309381,0,0,0,0,0,0,package://wheelchair_bot/meshes/rear_right_wheel.STL,0.298039215686275,0.298039215686275,0.298039215686275,1,0,0,0,0,0,0,package://wheelchair_bot/meshes/rear_right_wheel.STL,,Rear Right Wheel-1,Right wheel coordiante frame,Rear right axis,rear_right_wheel_joint,continuous,-0.4699,-0.4572,0.203254736255873,-1.5707963267949,0,0,base_frame,0,0,-1,,,,,,,,,,,,
rear_left_wheel,3.44169137633799E-15,1.94289029309402E-16,-0.0288023852338183,0,0,0,6.86953301661555,0.0761155443647404,-8.06667856850231E-18,-8.22738908340795E-17,0.0761155443647404,-2.17381456937429E-18,0.145876605309381,0,0,0,0,0,0,package://wheelchair_bot/meshes/rear_left_wheel.STL,0.298039215686275,0.298039215686275,0.298039215686275,1,0,0,0,0,0,0,package://wheelchair_bot/meshes/rear_left_wheel.STL,,Rear Left Wheel-1,Left wheel coordinate frame,Rear Left Axis,rear_left_wheel_joint,continuous,-0.4699,0.4572,0.203254736255873,-1.5707963267949,0,0,base_frame,0,0,-1,,,,,,,,,,,,
left_steering,0,0,0.0800192892651573,0,0,0,0.524516526325399,0.00101028570094695,2.07640953201159E-06,-7.8641929591829E-20,0.00127145577527395,5.20893028092924E-20,0.000474819984477865,0,0,0,0,0,0,package://wheelchair_bot/meshes/left_steering.STL,0.898039215686275,0.917647058823529,0.929411764705882,1,0,0,0,0,0,0,package://wheelchair_bot/meshes/left_steering.STL,,Steering Bracket Left-1,Front_left_steering_frame,Left steering axis,left_steering_joint,continuous,-0.01905,0.4318,0.210440705467689,3.14159265358979,0,-1.5707963267949,base_frame,0,0,-1,,,,,,,,,,,,
front_left_wheel,-3.29597460435593E-17,-4.71844785465692E-16,-0.0785114591324488,0,0,0,0.824285817430011,0.00131303517463156,6.7031828576173E-20,6.7762635780344E-21,0.00131303517463156,-2.36056678028135E-20,0.00162956140578481,0,0,0,0,0,0,package://wheelchair_bot/meshes/front_left_wheel.STL,0.298039215686275,0.298039215686275,0.298039215686275,1,0,0,0,0,0,0,package://wheelchair_bot/meshes/front_left_wheel.STL,,Front left wheel-1,Front left coordinate frame,Front left axis,front_left_wheel_joint,continuous,-0.0785089782466518,0.000624139225626371,0.144272,-1.5707963267949,0,1.56284658536007,left_steering,0,0,-1,,,,,,,,,,,,
right_steering,-5.55111512312578E-17,2.42861286636753E-17,0.0800192892651572,0,0,0,0.524516526325398,0.00101038241234572,5.43693357094881E-06,-4.37005221353595E-19,0.00127135906387518,-2.19340131047007E-19,0.000474819984477865,0,0,0,0,0,0,package://wheelchair_bot/meshes/right_steering.STL,0.898039215686275,0.917647058823529,0.929411764705882,1,0,0,0,0,0,0,package://wheelchair_bot/meshes/right_steering.STL,,Steering Bracket Right-3,Front_right_steering frame,Right steering axis,right_steering_joint,continuous,-0.0190499999999997,-0.431799999999999,0.210440705467689,3.14159265358979,0,-1.5707963267949,base_frame,0,0,-1,,,,,,,,,,,,
front_right_wheel,-3.40005801291454E-16,2.22044604925031E-16,0.0736600000000001,0,0,0,0.824285817430011,0.00131303517463156,-1.26612880070616E-19,-2.03287907341032E-20,0.00131303517463156,3.76707576765294E-20,0.0016295614057848,0,0,0,0,0,0,package://wheelchair_bot/meshes/front_right_wheel.STL,0.298039215686275,0.298039215686275,0.298039215686275,1,0,0,0,0,0,0,package://wheelchair_bot/meshes/front_right_wheel.STL,,Front right wheel-1,Front right coordinate frame,Front right axes,front_right_wheel_joint,continuous,0.073644034279922,-0.0015335628378755,0.144272,-1.5707963267949,0,1.54997534326505,right_steering,0,0,-1,,,,,,,,,,,,
baseplate,-5.55111512312578E-17,2.77555756156289E-17,-0.0469060349473079,0,0,0,0.27244616695293,0.000824560389197166,1.75208952803985E-19,2.28345307910926E-20,0.000824560389197164,-4.60277097617847E-20,0.0015346144666105,0,0,0,0,0,0,package://wheelchair_bot/meshes/baseplate.STL,1,1,1,1,0,0,0,0,0,0,package://wheelchair_bot/meshes/baseplate.STL,,baseplate-1,Link 1 frame,ARM LINK 1 AXIS,baseplate_joint,fixed,-0.1016,-0.4572,0.5956992,0,0,-1.5707963267949,base_frame,0,0,0,,,,,,,,,,,,
link1,-1.11167872685058E-08,-0.0040908766994607,0.0709225676431469,0,0,0,0.392212631567223,0.000882924215323736,-2.1122059494465E-10,6.6487124554663E-11,0.000834566072977256,4.42557843391225E-05,0.000490986219684137,0,0,0,0,0,0,package://wheelchair_bot/meshes/link1.STL,1,1,1,1,0,0,0,0,0,0,package://wheelchair_bot/meshes/link1.STL,,link_1-1,Link 1 frame,ARM LINK 1 AXIS,link1_joint,continuous,0,0,0,0,0,0,baseplate,0,0,1,,,,,,,,,,,,
link2,-2.27233958483009E-07,-0.0211951485789638,0.0936078588316864,0,0,0,0.44317214207753,0.000927526164351,2.55615298994413E-10,5.61622533114872E-10,0.000813788583457026,3.87708207921982E-05,0.000574298834370741,0,0,0,0,0,0,package://wheelchair_bot/meshes/link2.STL,1,1,1,1,0,0,0,0,0,0,package://wheelchair_bot/meshes/link2.STL,,link_2-1,Link 2 frame,ARM LINK 2 AXIS,link2_joint,continuous,0,0,0.1143,-1.5707963267949,0,0,link1,0,0,-1,,,,,,,,,,,,
link3,0.0305841515485905,0.00310412138287289,0.0850304868071041,0,0,0,1.45492305849304,0.00496353415688348,-0.000320725878076399,-0.00178497450225266,0.00719433067274586,-0.0001895451399384,0.00554440855512058,0,0,0,0,0,0,package://wheelchair_bot/meshes/link3.STL,1,1,1,1,0,0,0,0,0,0,package://wheelchair_bot/meshes/link3.STL,,link_3.1-1,Link 3 frame,ARM LINK 3 AXIS,link3_joint,continuous,0,-0.0772,0.1026,1.5707963267949,0,0,link2,0,0,-1,,,,,,,,,,,,
link4,-0.0773598448186961,-0.0457187390362204,0.0520013186971526,0,0,0,1.33561016851239,0.00427871683388367,-0.00139759477740289,-0.000124123367696649,0.00443304979859884,-7.33554193935452E-05,0.00621129035676168,0,0,0,0,0,0,package://wheelchair_bot/meshes/link4.STL,1,1,1,1,0,0,0,0,0,0,package://wheelchair_bot/meshes/link4.STL,,link_4.1-2,Link 4 frame,ARM LINK 4 AXIS,link4_joint,continuous,0.101600000091586,0.0518000000210078,0.126999999918163,-1.5707963267949,0,0,link3,0,0,-1,,,,,,,,,,,,
link5,-2.27200697533458E-07,0.00899214116831536,0.0550048514210359,0,0,0,0.44317214207752,0.000927526164350994,-5.6363090523166E-10,2.55306670452503E-10,0.000574298834370749,-3.87708207921996E-05,0.000813788583457025,0,0,0,0,0,0,package://wheelchair_bot/meshes/link5.STL,1,1,1,1,0,0,0,0,0,0,package://wheelchair_bot/meshes/link5.STL,,link_5-1,Link 5 frame,ARM LINK 5 AXIS,link5_joint,continuous,-0.10159999965606,-0.12800000028134,0.0507999999789922,1.5707963267949,0,0,link4,0,0,-1,,,,,,,,,,,,
link6,0.058481154125741,3.84628995320213E-11,0.0585567553780968,0,0,0,0.720593660117869,0.00124794242634402,-8.0610855171507E-13,-9.12277099283129E-05,0.0024735918622491,-6.00004252208092E-14,0.00208343864776856,0,0,0,0,0,0,package://wheelchair_bot/meshes/link6.STL,1,1,1,1,0,0,0,0,0,0,package://wheelchair_bot/meshes/link6.STL,,link_6-1,Link 6 frame,ARM LINK 6 AXIS,link6_joint,continuous,0,0.0518,0.0762,-1.5707963267949,0,0,link5,0,0,-1,,,,,,,,,,,,
link7,-0.000474895335782932,0.0281007554737965,0.0556008019524412,0,0,0,0.334214628614734,0.000518355348853202,1.67958387725818E-06,-3.67106232072432E-07,0.000419013974654611,2.1699428688345E-05,0.000471611729553723,0,0,0,0,0,0,package://wheelchair_bot/meshes/link7.STL,1,1,1,1,0,0,0,0,0,0,package://wheelchair_bot/meshes/link7.STL,,link_7-1,Link 7 frame,ARM LINK 7 AXIS,link7_joint,fixed,0.10160000057429,0,0.102599999431307,0,0,0,link6,0,0,1,,,,,,,,,,,,
gripper_base,-2.22044604925031E-16,0,0.0661852882000599,0,0,0,0.373339737786595,0.000339010398194209,-6.16787865134952E-05,3.73764290341964E-19,0.000971424671108681,6.52742576109714E-21,0.000897470330879958,0,0,0,0,0,0,package://wheelchair_bot/meshes/gripper_base.STL,1,1,1,1,0,0,0,0,0,0,package://wheelchair_bot/meshes/gripper_base.STL,,gripper_base-1,Gripper base frame,Gripper base axis,gripper_base_joint,continuous,-0.0013044313770364,0.0771889788638299,0.0508000000073014,-1.57079632670032,0,0.0168975872907232,link7,0,0,-1,,,,,,,,,,,,
left_claw,0.00093388076808798,-0.0655337031852588,0.0590257583580819,0,0,0,0.322219807632451,0.000803929245687723,6.58875368771856E-06,-3.23255296321016E-07,0.00018855846315194,2.26839628419961E-05,0.000653668885288273,0,0,0,0,0,0,package://wheelchair_bot/meshes/left_claw.STL,1,1,1,1,0,0,0,0,0,0,package://wheelchair_bot/meshes/left_claw.STL,,gripper left claw-1,LEFT CLAW FRAME,LEFT CLAW AXIS,left_claw_jont,continuous,-0.0379234006624533,-0.00366410728487099,0.0734000000000001,0,0,0,gripper_base,0,0,-1,,,,,,,,,,,,
right_claw,0.00276286162699457,-0.0654820966531516,0.059025758358082,0,0,0,0.32221980763245,0.0008027145294699,2.80969217030523E-05,-9.56342270284216E-07,0.000189773179369762,2.2666099657103E-05,0.000653668885288272,0,0,0,0,0,0,package://wheelchair_bot/meshes/right_claw.STL,1,1,1,1,0,0,0,0,0,0,package://wheelchair_bot/meshes/right_claw.STL,,gripper right claw-1,RIGHT CLAW FRAME,RIGHT CLAW AXIS,right_claw_joint,continuous,0.0379234006624533,0.00366410728487099,0.0734000000000001,0,0,0,gripper_base,0,0,-1,,,,,,,,,,,,
seat,0.235516528978413,-0.0227155554234677,0.308188626289726,0,0,0,2.47190053063333,0.217077281942315,-0.00246256825714802,0.0203722218620928,0.268824777489523,0.00360751873096495,0.062298438594722,0,0,0,0,0,0,package://wheelchair_bot/meshes/seat.STL,1,1,1,1,0,0,0,0,0,0,package://wheelchair_bot/meshes/seat.STL,,Seat+armrest-2,BACKSEAT COORDINATE FRAME,Backseat axis,seat joint,fixed,-0.4699,-0.37025,0.514299200000001,-1.5707963267949,0,0,base_frame,0,0,0,,,,,,,,,,,,
backseat,-0.147240047265912,-0.175473855302864,0.370182742935386,0,0,0,2.17938730156962,0.0727091438585251,-0.0265781980956294,2.15823272409046E-05,0.0633362370127863,2.57208160258703E-05,0.055088009503396,0,0,0,0,0,0,package://wheelchair_bot/meshes/backseat.STL,1,1,1,1,0,0,0,0,0,0,package://wheelchair_bot/meshes/backseat.STL,,backseat-1,BACKSEAT COORDINATE FRAME,Backseat axis,backseat_joint,continuous,0,0,0,0,0,0,seat,0,0,-1,,,,,,,,,,,,
headrest,-0.00256791055263617,-0.1050808663555,0.267600846729523,0,0,0,0.479424877697821,0.00722453464451104,0.000105007009350152,5.52902977392047E-07,0.00417443057380152,2.26294444955091E-05,0.00321944720546777,0,0,0,0,0,0,package://wheelchair_bot/meshes/headrest.STL,1,1,1,1,0,0,0,0,0,0,package://wheelchair_bot/meshes/headrest.STL,,Headrest-1,Headrest coordinate frame,Headrest axis,headrest_joint,continuous,-0.337403515782454,-0.402101852087588,0.1022,0,0,0,backseat,0,0,-1,,,,,,,,,,,,
